filename,binary_gray,binary_hsv,closing,hole_filled,opening
burn_0001_brightness_decrease.jpg,282.38,58.64,52.72,52.93,52.44
burn_0001_brightness_increase.jpg,297.53,141.32,134.87,135.18,134.29
burn_0001_horizontal_flip.jpg,270.39,56.36,51.48,51.68,51.17
burn_0001_rotation_90.jpg,270.39,56.32,51.31,51.51,51.05
burn_0001_vertical_flip.jpg,270.38,56.29,51.52,51.72,51.25
burn_0002_brightness_decrease.jpg,140.6,86.15,83.08,172.37,82.9
burn_0002_brightness_increase.jpg,145.28,87.75,85.72,172.35,85.5
burn_0002_horizontal_flip.jpg,140.64,85.91,83.38,102.65,83.28
burn_0002_rotation_90.jpg,140.74,85.99,83.15,172.32,83.09
burn_0002_vertical_flip.jpg,140.64,85.87,83.2,172.31,83.14
burn_0003_brightness_decrease.jpg,2223.16,2352.91,2076.59,4096.0,2033.92
burn_0003_brightness_increase.jpg,796.38,854.62,757.89,1438.38,742.53
burn_0003_horizontal_flip.jpg,529.89,597.85,529.05,544.05,518.25
burn_0003_rotation_90.jpg,529.92,598.64,530.42,1024.0,519.71
burn_0003_vertical_flip.jpg,529.79,598.19,528.83,543.9,517.93
burn_0004_brightness_increase.jpg,3189.17,2074.58,1981.49,4660.34,1971.32
burn_0004_horizontal_flip.jpg,2683.42,1805.53,1715.17,4096.0,1708.31
burn_0004_rotation_90.jpg,3055.66,2055.34,1946.4,4660.34,1938.67
burn_0004_vertical_flip.jpg,3054.44,2053.55,1947.22,4660.34,1939.75
burn_0005_brightness_decrease.jpg,59.53,9.32,7.45,7.76,7.36
burn_0005_brightness_increase.jpg,58.59,9.89,8.78,9.12,8.7
burn_0005_horizontal_flip.jpg,58.42,8.87,7.88,8.21,7.87
burn_0005_rotation_90.jpg,58.43,8.88,7.84,8.18,7.82
burn_0005_vertical_flip.jpg,58.43,8.88,7.9,8.23,7.88
burn_0006_brightness_decrease.jpg,88.48,88.32,88.53,97.48,88.28
burn_0006_brightness_increase.jpg,3061.27,3057.22,3066.01,3372.97,3056.44
burn_0006_horizontal_flip.jpg,88.48,88.34,88.57,97.47,88.32
burn_0006_rotation_90.jpg,88.45,88.34,88.57,97.47,88.31
burn_0006_vertical_flip.jpg,88.48,88.34,88.57,97.48,88.31
burn_0007_brightness_decrease.jpg,90.52,13.37,7.45,7.57,7.35
burn_0007_brightness_increase.jpg,92.01,22.79,15.12,15.25,14.93
burn_0007_horizontal_flip.jpg,90.57,13.32,8.05,8.15,7.96
burn_0007_rotation_90.jpg,90.52,13.22,7.94,8.03,7.84
burn_0007_vertical_flip.jpg,90.57,13.2,7.71,7.8,7.63
burn_0008_brightness_decrease.jpg,2464.44,2576.46,2572.77,2852.32,2564.89
burn_0009_brightness_decrease.jpg,357.0,67.08,57.88,58.12,57.29
burn_0009_brightness_increase.jpg,332.35,106.11,96.76,99.22,95.81
burn_0009_horizontal_flip.jpg,341.6,63.37,55.11,55.36,54.61
burn_0009_rotation_90.jpg,341.72,63.55,55.04,55.28,54.52
burn_0009_vertical_flip.jpg,341.61,63.58,55.07,55.38,54.49
burn_0010_brightness_decrease.jpg,445.45,28.58,18.45,18.67,17.78
burn_0010_brightness_increase.jpg,427.56,72.98,64.52,65.28,63.5
burn_0010_horizontal_flip.jpg,426.15,27.86,17.85,17.99,17.26
burn_0010_rotation_90.jpg,426.29,27.64,17.67,17.88,17.23
burn_0010_vertical_flip.jpg,426.14,27.91,17.9,18.03,17.33
burn_0011_brightness_decrease.jpg,3307.5,2525.2,2421.88,3470.96,2377.59
burn_0012_brightness_decrease.jpg,44.49,24.26,23.67,24.32,23.59
burn_0012_brightness_increase.jpg,43.43,23.26,22.68,23.24,22.65
burn_0012_horizontal_flip.jpg,43.69,23.47,22.98,23.62,22.93
burn_0012_rotation_90.jpg,43.67,23.51,22.97,23.6,22.91
burn_0012_vertical_flip.jpg,43.68,23.49,23.02,23.65,22.96
burn_0013_brightness_decrease.jpg,505.69,204.87,192.54,369.61,191.61
burn_0013_brightness_increase.jpg,485.21,197.99,189.07,357.74,188.27
burn_0013_horizontal_flip.jpg,480.33,194.47,184.87,455.15,183.94
burn_0013_rotation_90.jpg,480.31,194.72,184.94,353.66,184.06
burn_0013_vertical_flip.jpg,480.32,194.5,184.85,353.55,183.99
burn_0014_brightness_decrease.jpg,359.54,4.74,3.35,3.46,3.34
burn_0014_brightness_increase.jpg,329.31,14.92,9.49,9.59,9.45
burn_0014_horizontal_flip.jpg,343.46,4.23,3.19,3.29,3.18
burn_0014_rotation_90.jpg,343.37,4.32,3.21,3.3,3.19
burn_0014_vertical_flip.jpg,343.45,4.34,3.2,3.3,3.19
burn_0015_brightness_decrease.jpg,477.27,56.86,50.51,51.86,49.8
burn_0015_brightness_increase.jpg,,72.84,65.94,67.1,65.36
burn_0015_horizontal_flip.jpg,,53.46,48.2,49.7,47.68
burn_0015_rotation_90.jpg,,53.73,48.27,49.78,47.74
burn_0015_vertical_flip.jpg,,53.65,48.26,49.67,47.63
burn_0016_brightness_decrease.jpg,1951.35,1613.69,1575.53,2385.38,1570.96
burn_0016_brightness_increase.jpg,594.76,493.04,482.19,729.58,480.44
burn_0016_horizontal_flip.jpg,716.8,587.69,576.16,962.7,574.05
burn_0016_rotation_90.jpg,2162.63,1771.31,1734.37,2904.64,1728.21
burn_0016_vertical_flip.jpg,716.86,587.33,575.5,962.88,573.31
burn_0017_brightness_decrease.jpg,74.35,75.27,75.19,85.1,75.16
burn_0017_horizontal_flip.jpg,73.03,73.86,73.77,74.02,73.76
burn_0017_rotation_90.jpg,73.02,73.86,73.77,83.59,73.75
burn_0017_vertical_flip.jpg,73.02,73.87,73.78,83.59,73.77
burn_0018_brightness_decrease.jpg,881.66,781.76,778.21,923.7,776.5
burn_0018_brightness_increase.jpg,824.19,734.08,730.44,863.69,729.54
burn_0018_horizontal_flip.jpg,819.65,730.86,727.32,1157.25,725.88
burn_0018_rotation_90.jpg,819.87,731.27,726.89,862.36,725.61
burn_0018_vertical_flip.jpg,819.69,731.01,727.22,862.7,725.91
burn_0019_brightness_decrease.jpg,75.76,69.81,69.12,102.79,69.07
burn_0019_horizontal_flip.jpg,75.77,69.63,68.99,87.84,68.94
burn_0019_rotation_90.jpg,75.76,69.6,68.99,85.81,68.93
burn_0019_vertical_flip.jpg,75.76,69.64,68.98,85.81,68.92
burn_0020_brightness_decrease.jpg,1652.05,1241.44,1157.17,2972.01,1147.79
burn_0021_brightness_decrease.jpg,371.84,61.57,51.0,51.13,50.41
burn_0021_brightness_increase.jpg,361.62,127.07,117.73,118.6,116.88
burn_0021_horizontal_flip.jpg,354.89,59.77,49.86,50.6,49.24
burn_0021_rotation_90.jpg,354.9,59.78,49.76,50.48,49.04
burn_0021_vertical_flip.jpg,354.89,59.81,49.97,50.15,49.21
burn_0022_brightness_decrease.jpg,404.18,148.64,139.51,142.45,137.08
burn_0022_brightness_increase.jpg,368.46,161.96,157.38,162.04,155.52
burn_0022_horizontal_flip.jpg,386.64,141.51,133.19,135.85,131.11
burn_0022_rotation_90.jpg,386.6,141.76,132.97,135.81,130.98
burn_0022_vertical_flip.jpg,386.57,141.5,133.19,135.9,131.23
burn_0023_brightness_decrease.jpg,2137.7,2164.29,2072.76,2111.11,2068.04
burn_0023_horizontal_flip.jpg,2109.85,2165.2,2078.6,2115.85,2072.94
burn_0023_rotation_90.jpg,2133.61,2165.36,2077.37,2114.92,2072.43
burn_0023_vertical_flip.jpg,2110.05,2162.98,2081.04,2118.66,2074.38
burn_0025_brightness_decrease.jpg,61.62,62.82,62.25,68.06,62.04
burn_0025_horizontal_flip.jpg,60.43,61.89,61.39,80.46,61.24
burn_0025_rotation_90.jpg,60.42,61.89,61.4,66.92,61.25
burn_0025_vertical_flip.jpg,60.43,61.9,61.38,66.91,61.25
burn_0026_brightness_decrease.jpg,61.74,38.8,35.88,46.03,35.19
burn_0026_brightness_increase.jpg,62.17,38.77,36.26,46.03,35.74
burn_0026_horizontal_flip.jpg,61.68,38.51,35.83,46.1,35.33
burn_0026_rotation_90.jpg,61.66,38.5,35.83,91.67,35.28
burn_0026_vertical_flip.jpg,61.68,38.45,35.72,91.67,35.21
burn_0027_brightness_decrease.jpg,73.9,72.13,72.02,76.6,72.0
burn_0027_brightness_increase.jpg,2531.33,2472.44,2469.57,2621.44,2468.96
burn_0028_brightness_increase.jpg,1173.42,761.28,738.9,1179.11,737.63
burn_0028_horizontal_flip.jpg,1023.51,676.28,657.09,1224.3,656.79
burn_0028_rotation_90.jpg,1023.73,676.58,657.72,1144.52,657.24
burn_0029_horizontal_flip.jpg,349.67,457.25,447.25,689.31,444.13
burn_0029_rotation_90.jpg,349.8,457.32,447.47,480.18,444.4
burn_0029_vertical_flip.jpg,349.67,457.27,447.54,479.79,444.27
burn_0030_brightness_decrease.jpg,77.58,75.07,74.89,76.36,74.7
burn_0030_brightness_increase.jpg,76.53,74.51,74.35,75.7,74.23
burn_0030_horizontal_flip.jpg,77.53,75.16,75.05,83.59,74.92
burn_0030_rotation_90.jpg,77.54,75.2,75.08,83.59,74.95
burn_0030_vertical_flip.jpg,77.54,75.13,75.02,83.59,74.89
burn_0031_horizontal_flip.jpg,1364.1,707.65,668.34,668.34,667.46
burn_0031_rotation_90.jpg,1364.39,708.34,668.37,668.37,667.31
burn_0032_brightness_decrease.jpg,45.85,44.2,44.04,46.03,43.89
burn_0032_brightness_increase.jpg,45.18,43.94,43.78,45.38,43.62
burn_0032_horizontal_flip.jpg,45.89,44.36,44.24,46.01,44.12
burn_0032_rotation_90.jpg,44.97,43.49,43.36,45.07,43.24
burn_0032_vertical_flip.jpg,45.89,44.38,44.24,46.01,44.12
burn_0033_brightness_decrease.jpg,359.73,123.44,114.46,114.62,114.18
burn_0033_brightness_increase.jpg,340.88,157.34,147.83,148.81,147.14
burn_0033_horizontal_flip.jpg,343.75,117.32,109.02,109.15,108.85
burn_0033_rotation_90.jpg,343.82,117.32,109.3,109.43,109.09
burn_0033_vertical_flip.jpg,343.74,117.46,109.25,109.38,108.97
burn_0034_brightness_decrease.jpg,37.51,15.13,10.56,10.79,10.33
burn_0034_brightness_increase.jpg,37.68,18.56,14.45,14.63,14.25
burn_0034_horizontal_flip.jpg,37.54,14.67,10.59,10.74,10.36
burn_0034_rotation_90.jpg,37.53,14.66,10.5,10.64,10.3
burn_0034_vertical_flip.jpg,37.55,14.72,10.56,10.7,10.36
burn_0035_brightness_decrease.jpg,1637.22,1902.7,1891.05,3236.35,1887.2
burn_0035_horizontal_flip.jpg,2700.06,3152.63,3131.47,5022.35,3125.86
burn_0035_rotation_90.jpg,3132.28,3655.34,3627.69,4260.43,3621.35
burn_0035_vertical_flip.jpg,3131.76,3655.43,3630.44,4260.71,3624.31
burn_0036_brightness_decrease.jpg,56.06,71.3,70.4,80.88,70.2
burn_0037_brightness_decrease.jpg,57.41,58.82,58.37,96.83,58.28
burn_0037_brightness_increase.jpg,56.55,57.7,57.41,93.07,57.36
burn_0037_horizontal_flip.jpg,55.37,56.73,56.42,102.79,56.39
burn_0037_rotation_90.jpg,55.36,56.72,56.4,66.83,56.38
burn_0037_vertical_flip.jpg,55.37,56.73,56.44,66.84,56.4
burn_0038_brightness_decrease.jpg,50.15,35.01,34.31,34.71,34.25
burn_0038_brightness_increase.jpg,58.8,37.26,36.43,36.89,36.39
burn_0038_horizontal_flip.jpg,50.61,34.78,34.15,34.56,34.12
burn_0038_rotation_90.jpg,50.59,34.82,34.12,34.52,34.08
burn_0038_vertical_flip.jpg,50.61,34.78,34.11,34.51,34.06
burn_0039_brightness_decrease.jpg,78.7,2.09,1.96,2.39,1.96
burn_0039_brightness_increase.jpg,80.0,45.16,40.69,96.18,39.92
burn_0039_horizontal_flip.jpg,79.86,2.08,1.96,2.39,1.96
burn_0039_rotation_90.jpg,79.85,2.08,1.96,2.39,1.96
burn_0039_vertical_flip.jpg,79.84,2.08,1.96,2.39,1.96
burn_0041_brightness_decrease.jpg,65.71,52.79,51.69,57.42,51.67
burn_0041_brightness_increase.jpg,64.98,51.98,51.08,56.4,51.08
burn_0041_horizontal_flip.jpg,65.86,52.79,51.81,57.41,51.8
burn_0041_rotation_90.jpg,65.88,52.75,51.8,57.4,51.77
burn_0041_vertical_flip.jpg,65.86,52.78,51.81,57.4,51.8
burn_0042_brightness_decrease.jpg,47.87,50.68,49.83,76.6,49.66
burn_0043_brightness_decrease.jpg,59.6,9.12,7.35,7.66,7.21
burn_0043_brightness_increase.jpg,58.68,9.41,8.35,8.72,8.32
burn_0043_horizontal_flip.jpg,58.64,8.28,7.45,7.8,7.43
burn_0043_rotation_90.jpg,58.64,8.26,7.42,7.77,7.39
burn_0043_vertical_flip.jpg,58.64,8.26,7.45,7.81,7.44
burn_0044_brightness_decrease.jpg,420.42,154.71,149.36,149.55,149.27
burn_0044_brightness_increase.jpg,376.09,162.72,158.31,158.44,158.26
burn_0044_horizontal_flip.jpg,402.59,146.69,141.77,141.95,141.66
burn_0044_rotation_90.jpg,402.64,146.88,141.91,142.11,141.88
burn_0044_vertical_flip.jpg,402.64,146.77,141.68,141.87,141.54
burn_0045_brightness_decrease.jpg,53.13,54.03,54.0,54.28,53.95
burn_0045_brightness_increase.jpg,1803.92,1832.28,1831.63,1841.26,1829.66
burn_0045_horizontal_flip.jpg,53.16,53.95,53.94,54.24,53.88
burn_0045_rotation_90.jpg,53.16,53.93,53.93,54.23,53.86
burn_0045_vertical_flip.jpg,53.17,53.93,53.94,54.23,53.88
burn_0046_brightness_decrease.jpg,69.55,77.54,77.27,94.97,77.24
burn_0046_brightness_increase.jpg,70.3,77.87,77.6,95.01,77.57
burn_0046_horizontal_flip.jpg,2121.27,2332.93,2324.52,2863.27,2323.65
burn_0046_rotation_90.jpg,2121.86,2333.96,2325.38,2870.19,2324.74
burn_0046_vertical_flip.jpg,70.13,77.14,76.9,94.86,76.87
burn_0047_brightness_decrease.jpg,43.06,41.55,38.66,39.53,38.48
burn_0047_brightness_increase.jpg,48.7,44.7,42.56,43.17,42.42
burn_0047_horizontal_flip.jpg,41.89,41.27,38.72,100.79,38.64
burn_0047_rotation_90.jpg,41.92,41.15,38.73,39.45,38.64
burn_0047_vertical_flip.jpg,41.88,41.25,38.73,39.44,38.64
burn_0048_brightness_decrease.jpg,61.1,42.99,42.26,59.44,42.1
burn_0048_brightness_increase.jpg,61.35,47.12,46.44,62.37,46.35
burn_0048_horizontal_flip.jpg,60.78,42.95,42.22,100.77,42.08
burn_0048_rotation_90.jpg,60.83,42.99,42.23,59.42,42.1
burn_0048_vertical_flip.jpg,60.78,42.93,42.22,59.41,42.09
burn_0049_brightness_decrease.jpg,1189.24,1152.19,1132.33,1494.5,1131.06
burn_0049_brightness_increase.jpg,1056.56,1018.0,997.51,1270.66,997.78
burn_0049_horizontal_flip.jpg,1086.0,1052.28,1034.21,1372.8,1033.6
burn_0049_rotation_90.jpg,1182.25,1144.86,1124.99,1615.3,1124.33
burn_0049_vertical_flip.jpg,1085.9,1051.65,1033.68,1483.63,1033.05
burn_0050_brightness_decrease.jpg,1948.62,660.18,571.88,590.73,560.1
burn_0050_brightness_increase.jpg,1949.16,621.27,535.74,559.35,526.01
burn_0050_horizontal_flip.jpg,1732.8,549.22,466.75,484.75,459.98
burn_0050_rotation_90.jpg,1732.88,546.91,467.15,485.9,460.44
burn_0050_vertical_flip.jpg,1942.6,616.48,523.06,543.0,515.85
burn_0051_brightness_decrease.jpg,19.31,11.18,1.67,1.67,1.67
burn_0051_brightness_increase.jpg,63.82,66.06,63.74,94.94,62.92
burn_0051_horizontal_flip.jpg,19.43,11.64,1.72,1.72,1.72
burn_0051_rotation_90.jpg,19.42,11.61,1.72,1.72,1.71
burn_0051_vertical_flip.jpg,19.44,11.62,1.72,1.72,1.72
burn_0052_brightness_decrease.jpg,349.32,77.03,66.35,66.67,65.77
burn_0052_brightness_increase.jpg,315.8,132.75,122.25,124.58,121.52
burn_0052_horizontal_flip.jpg,333.65,74.74,65.57,65.83,64.9
burn_0052_rotation_90.jpg,333.69,74.81,65.51,65.77,64.85
burn_0052_vertical_flip.jpg,333.58,74.9,65.66,65.92,65.07
burn_0053_brightness_decrease.jpg,75.24,77.41,77.37,83.54,77.25
burn_0053_brightness_increase.jpg,62.71,64.53,64.45,69.27,64.36
burn_0053_horizontal_flip.jpg,75.21,77.43,77.41,79.46,77.29
burn_0053_rotation_90.jpg,75.2,77.43,77.42,82.47,77.29
burn_0053_vertical_flip.jpg,75.21,77.43,77.41,82.48,77.29
burn_0054_brightness_decrease.jpg,66.76,64.1,63.91,102.51,63.84
burn_0055_brightness_decrease.jpg,56.98,31.54,29.24,31.11,29.06
burn_0055_brightness_increase.jpg,1601.4,1249.04,1166.73,2180.37,1156.27
burn_0055_horizontal_flip.jpg,57.69,30.77,29.36,31.35,29.18
burn_0055_rotation_90.jpg,57.7,30.75,29.36,31.33,29.2
burn_0055_vertical_flip.jpg,57.69,30.76,29.34,31.36,29.17
burn_0056_brightness_decrease.jpg,51.23,57.97,56.88,63.43,56.41
burn_0056_brightness_increase.jpg,65.84,65.52,64.87,69.62,64.61
burn_0056_horizontal_flip.jpg,50.24,56.0,55.06,61.95,54.69
burn_0056_rotation_90.jpg,50.26,56.0,55.12,76.6,54.7
burn_0056_vertical_flip.jpg,51.11,56.97,56.05,77.93,55.66
burn_0057_brightness_decrease.jpg,69.93,72.62,72.56,,72.55
burn_0057_brightness_increase.jpg,68.8,71.34,71.29,88.58,71.28
burn_0057_horizontal_flip.jpg,70.09,72.66,72.6,102.79,72.6
burn_0057_rotation_90.jpg,70.09,72.63,72.59,85.28,72.59
burn_0057_vertical_flip.jpg,70.09,72.66,72.6,85.28,72.59
burn_0058_brightness_increase.jpg,1717.74,1838.26,1830.15,2288.36,1829.54
burn_0058_horizontal_flip.jpg,1961.58,2115.93,2101.57,2841.83,2099.17
burn_0058_rotation_90.jpg,1961.6,2115.12,2102.24,2285.52,2099.97
burn_0058_vertical_flip.jpg,1961.76,2115.9,2102.07,2285.34,2099.84
burn_0059_brightness_decrease.jpg,77.95,58.81,57.82,57.86,57.66
burn_0059_brightness_increase.jpg,82.35,71.99,71.74,93.58,71.5
burn_0059_horizontal_flip.jpg,78.74,58.25,57.13,57.18,56.98
burn_0059_rotation_90.jpg,78.7,58.26,57.07,57.12,56.95
burn_0059_vertical_flip.jpg,78.74,58.23,57.15,57.2,57.0
burn_0061_brightness_decrease.jpg,359.08,63.03,51.28,51.52,50.98
burn_0061_brightness_increase.jpg,335.91,122.69,114.92,115.09,114.62
burn_0061_horizontal_flip.jpg,343.2,59.15,49.15,49.38,48.81
burn_0061_rotation_90.jpg,343.11,59.35,49.04,49.33,48.82
burn_0061_vertical_flip.jpg,343.2,59.38,48.69,48.92,48.38
burn_0062_brightness_decrease.jpg,70.57,76.01,75.59,98.76,75.22
burn_0062_brightness_increase.jpg,71.87,74.82,74.34,96.71,74.12
burn_0062_horizontal_flip.jpg,66.62,71.0,70.61,129.45,70.36
burn_0062_rotation_90.jpg,68.05,72.63,72.23,110.34,71.96
burn_0062_vertical_flip.jpg,69.68,74.27,73.86,112.86,73.59
burn_0063_brightness_increase.jpg,56.77,30.33,29.55,109.18,29.54
burn_0064_brightness_decrease.jpg,91.38,78.45,77.11,106.99,76.79
burn_0064_brightness_increase.jpg,89.73,78.38,77.38,104.86,77.17
burn_0064_horizontal_flip.jpg,91.38,79.4,78.67,93.97,78.49
burn_0064_rotation_90.jpg,91.41,79.3,78.67,106.78,78.48
burn_0064_vertical_flip.jpg,91.38,79.35,78.68,106.78,78.51
burn_0065_brightness_decrease.jpg,77.91,64.92,64.41,101.13,64.2
burn_0065_brightness_increase.jpg,80.46,69.96,69.41,99.23,69.26
burn_0065_horizontal_flip.jpg,77.9,66.76,66.51,102.56,66.46
burn_0065_rotation_90.jpg,77.95,66.76,66.49,69.23,66.44
burn_0065_vertical_flip.jpg,77.9,66.76,66.51,69.26,66.46
burn_0066_brightness_decrease.jpg,415.83,54.75,31.97,32.39,31.5
burn_0066_brightness_increase.jpg,384.87,101.07,92.62,101.87,91.21
burn_0066_horizontal_flip.jpg,397.2,52.86,32.29,32.69,31.82
burn_0066_rotation_90.jpg,397.15,52.76,32.51,32.82,31.97
burn_0066_vertical_flip.jpg,397.18,52.61,32.49,32.82,32.05
burn_0067_brightness_decrease.jpg,1949.48,2235.12,2198.23,3230.98,2187.02
burn_0067_brightness_increase.jpg,2184.53,2500.66,2464.01,3603.28,2453.33
burn_0067_vertical_flip.jpg,2447.56,2800.14,2754.95,4096.0,2741.59
burn_0068_brightness_decrease.jpg,65.17,54.28,51.73,126.62,51.55
burn_0068_brightness_increase.jpg,64.19,52.28,50.17,123.89,50.04
burn_0068_horizontal_flip.jpg,64.2,51.89,49.98,123.89,49.84
burn_0068_rotation_90.jpg,64.18,51.96,49.91,52.07,49.76
burn_0068_vertical_flip.jpg,64.2,51.88,49.84,51.99,49.71
burn_0069_brightness_decrease.jpg,62.61,59.52,57.35,83.59,57.05
burn_0069_brightness_increase.jpg,60.4,59.09,57.7,80.68,57.53
burn_0069_horizontal_flip.jpg,61.53,58.14,56.33,82.12,56.11
burn_0069_rotation_90.jpg,61.53,58.16,56.4,82.12,56.18
burn_0069_vertical_flip.jpg,61.53,58.14,56.4,82.12,56.18
burn_0070_brightness_decrease.jpg,110.52,124.04,123.58,124.78,123.44
burn_0070_brightness_increase.jpg,114.51,121.87,121.54,122.38,121.44
burn_0070_horizontal_flip.jpg,109.21,123.58,123.11,175.65,122.94
burn_0070_rotation_90.jpg,109.09,123.62,123.14,124.49,122.97
burn_0070_vertical_flip.jpg,109.2,123.6,123.13,124.47,122.96
burn_0071_brightness_decrease.jpg,411.68,51.98,33.16,33.43,32.9
burn_0071_brightness_increase.jpg,392.01,106.14,94.13,99.09,93.05
burn_0071_horizontal_flip.jpg,393.27,49.39,32.16,32.38,31.89
burn_0071_rotation_90.jpg,393.31,49.49,31.85,32.09,31.64
burn_0071_vertical_flip.jpg,393.24,49.19,31.78,32.0,31.54
burn_0072_horizontal_flip.jpg,1685.23,494.81,444.81,464.17,437.9
burn_0072_vertical_flip.jpg,1685.17,495.75,444.21,463.86,438.25
burn_0073_brightness_decrease.jpg,43.11,17.6,14.81,15.3,14.6
burn_0073_brightness_increase.jpg,42.37,19.64,16.88,17.26,16.71
burn_0073_horizontal_flip.jpg,43.1,16.02,13.56,13.97,13.36
burn_0073_rotation_90.jpg,43.09,15.97,13.62,14.02,13.42
burn_0073_vertical_flip.jpg,43.1,16.06,13.63,14.03,13.4
burn_0074_horizontal_flip.jpg,2127.26,1000.2,977.94,978.27,977.94
burn_0074_vertical_flip.jpg,2127.21,1001.01,977.81,978.18,977.76
burn_0075_brightness_decrease.jpg,84.03,95.5,95.33,113.78,95.18
burn_0075_brightness_increase.jpg,108.75,95.13,94.95,111.44,94.91
burn_0075_horizontal_flip.jpg,81.94,93.5,93.31,93.58,93.18
burn_0075_rotation_90.jpg,81.92,93.5,93.31,111.44,93.19
burn_0075_vertical_flip.jpg,81.94,93.5,93.31,111.44,93.18
burn_0076_brightness_decrease.jpg,43.28,41.4,40.82,49.51,40.72
burn_0076_brightness_increase.jpg,43.51,41.15,40.6,48.78,40.56
burn_0076_horizontal_flip.jpg,43.24,41.39,40.85,49.26,40.81
burn_0076_rotation_90.jpg,43.29,41.37,40.85,49.27,40.82
burn_0076_vertical_flip.jpg,43.24,41.38,40.84,49.24,40.79
burn_0077_brightness_decrease.jpg,358.7,64.99,38.94,39.23,38.53
burn_0077_brightness_increase.jpg,334.0,155.55,146.53,154.75,145.57
burn_0077_horizontal_flip.jpg,342.6,59.82,37.74,38.02,37.35
burn_0077_rotation_90.jpg,342.63,59.79,37.31,37.59,36.94
burn_0077_vertical_flip.jpg,342.59,59.96,37.34,37.62,37.03
burn_0078_brightness_decrease.jpg,1819.28,1538.8,1446.26,2578.81,1439.92
burn_0078_brightness_increase.jpg,2105.66,1669.15,1643.46,2584.47,1623.45
burn_0078_horizontal_flip.jpg,1181.28,1002.5,940.11,1689.51,937.03
burn_0078_rotation_90.jpg,1182.98,1002.16,940.4,1644.23,937.8
burn_0078_vertical_flip.jpg,1302.31,1105.39,1036.5,1812.23,1033.16
burn_0079_brightness_decrease.jpg,397.81,93.43,71.03,71.63,70.35
burn_0079_brightness_increase.jpg,366.64,124.66,112.95,117.03,111.98
burn_0079_horizontal_flip.jpg,379.85,88.93,68.52,68.96,67.86
burn_0079_rotation_90.jpg,379.75,88.8,68.25,68.69,67.56
burn_0079_vertical_flip.jpg,379.88,88.84,68.47,68.9,67.79
burn_0080_brightness_decrease.jpg,443.6,62.87,45.38,45.64,45.05
burn_0080_brightness_increase.jpg,408.77,91.35,82.29,83.44,81.96
burn_0080_horizontal_flip.jpg,423.88,59.69,43.72,43.96,43.42
burn_0080_rotation_90.jpg,423.92,59.62,43.4,43.62,43.11
burn_0080_vertical_flip.jpg,423.88,59.89,43.71,43.95,43.48
burn_0081_brightness_decrease.jpg,57.84,57.12,55.45,97.02,55.35
burn_0081_brightness_increase.jpg,63.14,65.34,64.14,96.04,63.98
burn_0081_horizontal_flip.jpg,57.89,56.78,55.25,67.45,55.15
burn_0081_rotation_90.jpg,57.85,56.79,55.24,67.42,55.12
burn_0081_vertical_flip.jpg,57.89,56.76,55.23,67.44,55.13
burn_0082_brightness_decrease.jpg,732.82,796.84,787.31,962.88,784.65
burn_0082_brightness_increase.jpg,878.16,940.32,929.09,1091.13,927.44
burn_0082_horizontal_flip.jpg,736.67,795.86,786.01,962.88,783.31
burn_0082_rotation_90.jpg,736.86,795.53,785.78,788.42,783.06
burn_0082_vertical_flip.jpg,736.72,795.85,786.05,788.62,783.34
burn_0083_brightness_decrease.jpg,368.93,75.15,66.65,66.79,66.23
burn_0083_brightness_increase.jpg,339.44,127.97,122.07,123.76,121.34
burn_0083_horizontal_flip.jpg,352.67,72.81,65.04,65.17,64.66
burn_0083_rotation_90.jpg,352.64,72.79,65.03,65.3,64.64
burn_0083_vertical_flip.jpg,352.67,72.95,65.02,65.15,64.63
burn_0084_brightness_decrease.jpg,381.16,105.57,100.0,100.74,99.75
burn_0084_brightness_increase.jpg,367.36,117.94,112.3,112.72,111.96
burn_0084_horizontal_flip.jpg,363.88,100.74,95.72,95.94,95.47
burn_0084_rotation_90.jpg,363.81,101.01,95.81,96.06,95.56
burn_0084_vertical_flip.jpg,363.89,100.91,95.7,95.91,95.46
burn_0085_brightness_decrease.jpg,113.67,71.43,61.21,61.96,60.16
burn_0085_brightness_increase.jpg,113.56,71.05,64.85,65.27,64.05
burn_0085_horizontal_flip.jpg,114.09,73.22,65.09,65.44,64.0
burn_0085_rotation_90.jpg,114.07,73.06,65.29,65.7,64.31
burn_0085_vertical_flip.jpg,114.1,73.12,65.0,65.41,64.02
burn_0086_brightness_decrease.jpg,74.04,69.51,69.3,77.5,69.17
burn_0086_brightness_increase.jpg,73.14,68.64,68.48,76.15,68.4
burn_0086_horizontal_flip.jpg,74.01,69.48,69.33,102.79,69.24
burn_0086_rotation_90.jpg,74.03,69.81,69.63,77.58,69.56
burn_0086_vertical_flip.jpg,74.01,69.73,69.56,77.54,69.48
burn_0087_brightness_increase.jpg,71.19,31.68,29.26,30.62,29.12
burn_0088_brightness_decrease.jpg,92.63,93.82,93.77,102.79,93.77
burn_0088_brightness_increase.jpg,92.17,92.63,92.62,100.79,92.6
burn_0088_horizontal_flip.jpg,92.71,93.83,93.79,102.77,93.78
burn_0088_rotation_90.jpg,92.7,93.83,93.79,102.79,93.78
burn_0088_vertical_flip.jpg,92.71,93.83,93.79,102.79,93.78
burn_0091_brightness_decrease.jpg,1810.62,1557.04,1463.2,3209.37,1454.48
burn_0091_brightness_increase.jpg,2899.29,2486.97,2373.99,4122.17,2363.18
burn_0091_vertical_flip.jpg,1457.32,1250.01,1175.35,1513.34,1168.47
burn_0092_brightness_decrease.jpg,40.32,44.27,42.28,56.04,41.84
burn_0092_brightness_increase.jpg,42.97,46.33,44.85,54.72,44.44
burn_0092_horizontal_flip.jpg,40.32,43.75,41.89,65.0,41.52
burn_0092_rotation_90.jpg,40.32,43.72,41.92,55.23,41.5
burn_0092_vertical_flip.jpg,40.31,43.75,41.9,55.21,41.52
burn_0093_brightness_decrease.jpg,127.43,48.68,47.2,162.7,46.92
burn_0093_brightness_increase.jpg,132.97,51.11,50.09,153.23,49.93
burn_0093_horizontal_flip.jpg,126.54,48.68,47.22,162.66,47.03
burn_0093_rotation_90.jpg,126.58,48.76,47.37,125.79,47.18
burn_0093_vertical_flip.jpg,126.54,48.69,47.22,125.74,47.06
burn_0094_brightness_decrease.jpg,29.97,74.2,73.63,94.37,73.28
burn_0094_brightness_increase.jpg,30.19,73.27,72.83,92.61,72.47
burn_0094_horizontal_flip.jpg,29.8,74.27,74.01,88.62,73.7
burn_0094_rotation_90.jpg,29.78,74.4,73.99,94.34,73.68
burn_0094_vertical_flip.jpg,29.79,74.36,74.01,94.34,73.68
burn_0095_brightness_increase.jpg,2606.69,2643.62,2578.92,2612.91,2573.0
burn_0095_rotation_90.jpg,2130.12,2203.22,2142.3,2170.85,2138.12
burn_0095_vertical_flip.jpg,2403.88,2486.69,2420.56,2452.91,2415.61
burn_0096_brightness_decrease.jpg,82.48,93.85,93.0,123.89,92.82
burn_0096_brightness_increase.jpg,83.4,93.93,93.09,123.89,92.98
burn_0096_horizontal_flip.jpg,82.43,93.76,92.88,123.82,92.74
burn_0096_rotation_90.jpg,82.45,93.77,92.9,106.79,92.76
burn_0096_vertical_flip.jpg,82.44,93.76,92.89,106.81,92.76
burn_0098_brightness_decrease.jpg,227.63,3.33,3.31,3.45,3.31
burn_0098_brightness_increase.jpg,209.4,2.99,2.94,3.03,2.93
burn_0098_horizontal_flip.jpg,217.42,3.18,3.16,3.29,3.16
burn_0098_rotation_90.jpg,217.43,3.19,3.18,3.3,3.17
burn_0098_vertical_flip.jpg,217.42,3.18,3.16,3.29,3.16
burn_0099_brightness_decrease.jpg,441.97,13.32,8.6,8.75,8.45
burn_0099_brightness_increase.jpg,408.71,42.94,37.0,37.37,36.52
burn_0099_horizontal_flip.jpg,422.09,13.35,8.4,8.53,8.25
burn_0099_rotation_90.jpg,421.96,13.3,8.52,8.65,8.37
burn_0099_vertical_flip.jpg,422.05,13.34,8.46,8.6,8.33
burn_0100_brightness_decrease.jpg,2155.0,1624.37,1610.93,1612.0,1609.68
burn_0100_rotation_90.jpg,2158.05,1626.59,1618.51,1619.38,1617.42
burn_0101_brightness_decrease.jpg,42.75,62.02,61.25,67.83,61.06
burn_0101_brightness_increase.jpg,1978.99,2845.74,2815.73,3092.96,2810.19
burn_0101_horizontal_flip.jpg,42.4,62.13,61.46,67.89,61.36
burn_0101_rotation_90.jpg,42.4,62.13,61.49,102.79,61.37
burn_0101_vertical_flip.jpg,42.4,62.07,61.49,102.79,61.36
burn_0102_brightness_decrease.jpg,328.39,151.46,129.65,130.88,128.69
burn_0102_brightness_increase.jpg,316.84,167.98,150.99,152.65,150.05
burn_0102_horizontal_flip.jpg,313.81,144.53,124.22,125.45,123.24
burn_0102_rotation_90.jpg,313.79,144.92,124.08,125.21,123.08
burn_0102_vertical_flip.jpg,313.83,144.61,124.05,125.22,123.19
burn_0103_brightness_decrease.jpg,50.9,46.56,46.56,60.58,46.49
burn_0103_brightness_increase.jpg,48.07,43.93,43.99,56.8,43.89
burn_0103_horizontal_flip.jpg,49.22,44.93,44.97,58.52,44.9
burn_0103_rotation_90.jpg,49.23,44.94,44.96,61.94,44.9
burn_0103_vertical_flip.jpg,49.22,44.94,44.97,61.94,44.9
burn_0104_brightness_decrease.jpg,477.75,65.04,56.1,61.09,55.5
burn_0104_brightness_increase.jpg,,74.17,67.28,73.07,66.38
burn_0104_horizontal_flip.jpg,,61.67,53.64,58.56,53.05
burn_0104_rotation_90.jpg,,61.73,53.57,58.58,52.92
burn_0104_vertical_flip.jpg,,61.9,53.37,58.35,52.83
burn_0105_brightness_decrease.jpg,1723.63,1740.69,1584.28,3236.35,1553.26
burn_0105_brightness_increase.jpg,2281.81,2389.72,2215.02,4096.0,2176.83
burn_0105_horizontal_flip.jpg,1920.44,2006.62,1848.32,1877.65,1814.38
burn_0105_rotation_90.jpg,2833.43,2955.24,2721.59,2763.8,2672.76
burn_0106_brightness_decrease.jpg,425.61,109.81,105.34,105.7,104.93
burn_0106_brightness_increase.jpg,379.85,123.09,120.27,121.14,120.07
burn_0106_horizontal_flip.jpg,406.69,104.79,101.15,101.46,100.9
burn_0106_rotation_90.jpg,406.72,104.55,101.09,101.39,100.81
burn_0106_vertical_flip.jpg,406.71,104.64,101.07,101.35,100.74
burn_0107_brightness_increase.jpg,2612.91,2180.23,2171.34,2864.55,2169.81
burn_0108_brightness_decrease.jpg,73.8,73.46,73.08,81.45,73.07
burn_0108_horizontal_flip.jpg,74.37,73.34,73.01,101.06,73.02
burn_0108_rotation_90.jpg,74.4,73.35,73.0,81.39,73.0
burn_0108_vertical_flip.jpg,74.38,73.35,72.99,81.39,73.0
burn_0109_brightness_decrease.jpg,54.33,48.73,45.19,46.0,44.72
burn_0109_brightness_increase.jpg,60.46,77.09,76.65,82.12,76.36
burn_0109_horizontal_flip.jpg,53.01,48.99,45.79,83.59,45.63
burn_0109_rotation_90.jpg,52.99,49.0,45.79,47.22,45.65
burn_0109_vertical_flip.jpg,53.02,48.98,45.79,47.2,45.64
burn_0110_brightness_decrease.jpg,77.88,20.74,20.02,85.1,19.91
burn_0110_brightness_increase.jpg,77.8,22.16,21.64,83.59,21.55
burn_0110_horizontal_flip.jpg,76.31,20.59,19.93,65.74,19.85
burn_0110_rotation_90.jpg,76.33,20.58,19.88,38.59,19.81
burn_0110_vertical_flip.jpg,76.31,20.56,19.94,38.63,19.84
burn_0111_brightness_decrease.jpg,74.33,61.37,59.7,73.56,59.36
burn_0111_brightness_increase.jpg,78.93,60.79,59.3,72.42,59.04
burn_0111_horizontal_flip.jpg,74.7,61.25,59.95,74.17,59.61
burn_0111_rotation_90.jpg,74.7,61.17,59.92,97.94,59.57
burn_0111_vertical_flip.jpg,74.7,61.25,59.91,97.93,59.59
burn_0112_brightness_decrease.jpg,882.37,997.34,986.94,1438.38,983.92
burn_0112_brightness_increase.jpg,923.82,1040.86,1033.68,1438.38,1030.8
burn_0112_horizontal_flip.jpg,882.77,994.8,985.49,1431.36,982.69
burn_0112_rotation_90.jpg,882.61,995.25,985.12,1437.16,982.69
burn_0112_vertical_flip.jpg,882.75,995.39,985.32,1437.15,982.73
burn_0113_brightness_decrease.jpg,8.19,8.12,7.27,7.62,7.24
burn_0113_brightness_increase.jpg,11.52,15.84,14.86,15.13,14.82
burn_0113_horizontal_flip.jpg,8.15,8.05,7.23,7.58,7.21
burn_0113_rotation_90.jpg,8.16,8.06,7.25,7.6,7.22
burn_0113_vertical_flip.jpg,8.15,8.07,7.21,7.56,7.2
burn_0114_brightness_decrease.jpg,53.7,61.82,51.35,109.18,49.61
burn_0114_brightness_increase.jpg,65.66,105.98,105.94,106.99,105.87
burn_0114_horizontal_flip.jpg,52.09,60.98,50.71,106.99,49.07
burn_0114_rotation_90.jpg,52.05,60.99,50.77,53.62,49.16
burn_0114_vertical_flip.jpg,52.09,60.98,50.74,53.63,49.08
burn_0116_brightness_decrease.jpg,70.58,68.33,67.65,72.45,67.47
burn_0116_brightness_increase.jpg,72.19,70.93,70.48,76.13,70.28
burn_0116_horizontal_flip.jpg,70.42,68.76,68.17,102.78,68.0
burn_0116_rotation_90.jpg,70.44,68.81,68.19,72.87,68.0
burn_0116_vertical_flip.jpg,70.43,68.77,68.17,72.85,67.99
burn_0117_brightness_decrease.jpg,424.25,396.75,376.56,726.16,369.77
burn_0117_brightness_increase.jpg,437.09,409.05,390.88,726.16,383.45
burn_0117_horizontal_flip.jpg,424.27,392.76,373.78,390.39,366.53
burn_0117_rotation_90.jpg,424.34,393.24,374.25,726.07,366.81
burn_0117_vertical_flip.jpg,424.23,392.77,373.78,726.07,366.52
burn_0118_brightness_decrease.jpg,64.25,14.73,13.42,13.74,13.35
burn_0118_brightness_increase.jpg,63.66,15.19,13.94,14.28,13.88
burn_0118_horizontal_flip.jpg,64.03,14.68,13.31,13.69,13.3
burn_0118_rotation_90.jpg,64.03,14.7,13.21,13.59,13.2
burn_0118_vertical_flip.jpg,64.04,14.67,13.3,13.68,13.26
burn_0119_brightness_decrease.jpg,41.06,36.32,35.13,92.02,35.01
burn_0119_horizontal_flip.jpg,40.99,35.42,34.25,45.66,34.15
burn_0119_rotation_90.jpg,40.98,35.42,34.29,91.85,34.17
burn_0119_vertical_flip.jpg,40.99,35.39,34.28,91.83,34.16
burn_0120_brightness_decrease.jpg,246.76,59.25,46.35,46.59,45.69
burn_0120_brightness_increase.jpg,1664.72,1186.02,1107.07,1108.4,1099.27
burn_0121_brightness_decrease.jpg,2047.86,203.79,173.7,181.26,172.42
burn_0122_brightness_decrease.jpg,83.14,88.84,88.44,106.86,88.27
burn_0122_brightness_increase.jpg,83.94,88.01,87.4,104.26,87.31
burn_0122_horizontal_flip.jpg,81.49,87.08,86.66,104.59,86.6
burn_0122_rotation_90.jpg,81.49,87.06,86.66,89.77,86.61
burn_0122_vertical_flip.jpg,81.48,87.09,86.68,89.76,86.65
burn_0123_brightness_decrease.jpg,69.87,71.42,71.18,90.11,71.18
burn_0123_brightness_increase.jpg,68.58,69.95,69.76,88.35,69.74
burn_0123_horizontal_flip.jpg,69.83,71.37,71.16,90.11,71.16
burn_0123_rotation_90.jpg,69.84,71.37,71.15,84.1,71.15
burn_0123_vertical_flip.jpg,69.82,71.4,71.19,84.12,71.19
burn_0124_brightness_decrease.jpg,67.41,78.2,76.67,106.99,76.59
burn_0124_brightness_increase.jpg,66.71,76.04,75.39,106.99,75.31
burn_0124_horizontal_flip.jpg,67.88,76.18,75.32,106.99,75.26
burn_0124_rotation_90.jpg,67.87,76.14,75.33,83.7,75.25
burn_0124_vertical_flip.jpg,67.88,76.16,75.32,83.71,75.26
burn_0125_brightness_decrease.jpg,2450.88,1152.48,1110.47,1119.73,1108.8
burn_0125_brightness_increase.jpg,58.66,27.7,26.63,26.77,26.61
burn_0125_horizontal_flip.jpg,2438.44,1148.84,1109.46,1118.7,1108.34
burn_0125_rotation_90.jpg,2801.96,1315.65,1272.61,1283.96,1271.04
burn_0125_vertical_flip.jpg,2438.47,1150.28,1110.61,1119.73,1109.97
burn_0126_brightness_decrease.jpg,2589.64,2418.6,2407.06,2501.97,2401.3
burn_0126_brightness_increase.jpg,1795.1,1699.02,1695.36,1756.93,1690.46
burn_0127_brightness_decrease.jpg,77.41,16.74,13.96,14.24,13.89
burn_0127_brightness_increase.jpg,76.54,16.12,13.74,14.02,13.67
burn_0127_horizontal_flip.jpg,77.61,15.91,13.6,13.87,13.54
burn_0127_rotation_90.jpg,77.63,15.96,13.56,13.84,13.5
burn_0127_vertical_flip.jpg,77.62,15.85,13.56,13.84,13.51
burn_0128_brightness_decrease.jpg,2487.49,885.05,827.81,828.62,820.66
burn_0129_brightness_decrease.jpg,42.99,51.73,50.94,70.21,50.64
burn_0129_brightness_increase.jpg,44.71,54.04,53.47,68.69,53.25
burn_0129_horizontal_flip.jpg,42.22,50.84,50.02,106.99,49.8
burn_0129_rotation_90.jpg,42.26,50.86,50.01,68.74,49.81
burn_0129_vertical_flip.jpg,42.22,50.85,50.03,68.74,49.81
burn_0130_brightness_increase.jpg,2265.08,3398.22,3153.44,3165.8,3135.54
burn_0131_brightness_decrease.jpg,380.26,49.4,31.27,31.7,30.99
burn_0131_brightness_increase.jpg,373.76,105.68,90.01,91.39,88.71
burn_0131_horizontal_flip.jpg,364.44,46.7,31.31,31.69,30.99
burn_0131_rotation_90.jpg,364.39,46.41,31.75,32.17,31.43
burn_0131_vertical_flip.jpg,364.47,46.67,31.48,31.87,31.06
burn_0132_brightness_decrease.jpg,67.01,13.26,10.56,10.78,10.44
burn_0132_brightness_increase.jpg,68.31,17.52,14.32,14.58,14.14
burn_0132_horizontal_flip.jpg,67.42,12.92,10.24,10.51,10.15
burn_0132_rotation_90.jpg,67.5,12.95,10.31,10.57,10.22
burn_0132_vertical_flip.jpg,67.43,12.99,10.3,10.56,10.19
burn_0133_brightness_decrease.jpg,438.52,64.57,60.15,60.72,59.77
burn_0133_brightness_increase.jpg,402.12,84.26,81.09,81.62,80.67
burn_0133_horizontal_flip.jpg,419.44,62.2,58.07,58.5,57.88
burn_0133_rotation_90.jpg,419.44,62.18,58.15,58.55,57.92
burn_0133_vertical_flip.jpg,419.44,62.06,57.97,58.39,57.78
burn_0134_brightness_decrease.jpg,68.52,72.86,72.45,98.59,72.4
burn_0134_brightness_increase.jpg,2739.27,2904.44,2890.64,3929.12,2888.05
burn_0134_horizontal_flip.jpg,68.49,72.5,72.12,100.6,72.08
burn_0134_rotation_90.jpg,68.51,72.47,72.13,79.26,72.09
burn_0134_vertical_flip.jpg,68.49,72.47,72.12,79.25,72.08
burn_0136_brightness_decrease.jpg,67.83,63.41,63.03,80.68,62.97
burn_0136_brightness_increase.jpg,64.25,61.16,60.92,75.31,60.88
burn_0136_horizontal_flip.jpg,66.56,62.33,62.03,79.29,61.99
burn_0136_rotation_90.jpg,66.57,62.35,62.02,62.96,61.97
burn_0136_vertical_flip.jpg,65.41,61.27,60.91,61.83,60.87
burn_0137_brightness_decrease.jpg,291.5,75.72,63.81,64.25,63.29
burn_0137_brightness_increase.jpg,342.2,147.25,132.63,134.28,131.62
burn_0137_horizontal_flip.jpg,280.31,72.87,61.72,62.27,61.04
burn_0137_rotation_90.jpg,280.3,72.54,61.69,62.21,61.09
burn_0137_vertical_flip.jpg,280.27,72.9,62.02,62.57,61.44
burn_0138_brightness_decrease.jpg,425.59,8.48,3.14,3.28,3.12
burn_0138_brightness_increase.jpg,388.8,39.67,30.99,31.33,30.67
burn_0138_horizontal_flip.jpg,406.43,7.43,3.02,3.15,3.01
burn_0138_rotation_90.jpg,406.45,7.42,3.03,3.16,3.01
burn_0138_vertical_flip.jpg,406.43,7.49,3.02,3.15,3.01
burn_0139_brightness_decrease.jpg,44.18,55.27,54.0,77.93,53.64
burn_0139_brightness_increase.jpg,46.29,53.52,52.67,71.62,52.41
burn_0139_horizontal_flip.jpg,41.36,51.72,50.5,72.82,50.18
burn_0139_rotation_90.jpg,41.36,51.71,50.49,51.21,50.18
burn_0139_vertical_flip.jpg,41.36,51.71,50.5,51.22,50.19
burn_0140_brightness_decrease.jpg,443.04,4.88,3.4,3.54,3.39
burn_0140_brightness_increase.jpg,,17.13,10.37,10.52,10.08
burn_0140_horizontal_flip.jpg,423.24,4.41,3.16,3.3,3.15
burn_0140_rotation_90.jpg,423.29,4.36,3.18,3.31,3.16
burn_0140_vertical_flip.jpg,423.24,4.4,3.15,3.28,3.14
burn_0142_brightness_decrease.jpg,74.16,38.18,36.83,37.33,36.67
burn_0142_brightness_increase.jpg,72.89,36.6,35.43,35.71,35.28
burn_0142_horizontal_flip.jpg,74.1,37.2,36.12,36.4,35.98
burn_0142_rotation_90.jpg,74.1,37.21,36.17,102.79,36.01
burn_0142_vertical_flip.jpg,74.1,37.22,36.16,102.79,36.02
burn_0143_brightness_decrease.jpg,39.63,35.77,34.0,34.28,33.84
burn_0143_brightness_increase.jpg,44.87,45.39,43.72,44.15,43.61
burn_0143_horizontal_flip.jpg,40.01,36.17,34.44,34.73,34.3
burn_0143_rotation_90.jpg,39.99,36.21,34.46,34.75,34.31
burn_0143_vertical_flip.jpg,40.0,36.18,34.47,34.76,34.33
burn_0144_rotation_90.jpg,533.88,543.0,527.15,1246.82,526.77
burn_0145_brightness_decrease.jpg,69.91,72.63,71.93,84.83,71.83
burn_0146_brightness_decrease.jpg,258.91,115.41,104.47,105.2,104.38
burn_0146_brightness_increase.jpg,244.69,260.77,256.37,257.12,255.85
burn_0146_horizontal_flip.jpg,247.28,110.68,100.3,100.96,100.25
burn_0146_rotation_90.jpg,247.27,110.56,100.27,100.94,100.21
burn_0146_vertical_flip.jpg,247.25,110.75,100.41,101.07,100.3
burn_0147_brightness_decrease.jpg,53.53,31.45,29.54,102.78,29.32
burn_0147_brightness_increase.jpg,60.67,40.31,38.61,100.79,38.4
burn_0147_horizontal_flip.jpg,53.49,31.78,30.02,102.25,29.8
burn_0147_rotation_90.jpg,53.46,31.85,29.99,31.87,29.8
burn_0147_vertical_flip.jpg,53.49,31.74,29.98,31.86,29.76
burn_0148_brightness_decrease.jpg,85.46,53.4,52.85,80.76,52.69
burn_0148_brightness_increase.jpg,1699.04,1046.5,1038.31,1560.56,1034.66
burn_0148_horizontal_flip.jpg,1695.98,1042.17,1036.03,1723.24,1033.85
burn_0148_rotation_90.jpg,1696.07,1042.7,1035.05,1560.41,1032.98
burn_0148_vertical_flip.jpg,1695.94,1042.3,1035.04,1560.24,1032.78
burn_0149_brightness_decrease.jpg,87.62,92.14,86.66,109.18,85.81
burn_0149_brightness_increase.jpg,3334.03,3489.48,3295.36,4096.0,3261.39
burn_0150_brightness_decrease.jpg,533.35,688.67,672.9,1008.69,668.68
burn_0150_brightness_increase.jpg,486.01,654.36,641.56,895.78,638.36
burn_0150_horizontal_flip.jpg,446.22,577.52,565.63,853.78,562.56
burn_0150_rotation_90.jpg,446.0,577.73,566.18,586.35,563.07
burn_0150_vertical_flip.jpg,446.11,577.63,565.42,585.29,562.19
burn_0151_brightness_decrease.jpg,58.62,6.81,5.99,6.08,5.92
burn_0151_brightness_increase.jpg,58.63,6.53,5.87,5.95,5.81
burn_0151_horizontal_flip.jpg,58.59,6.47,5.9,5.99,5.85
burn_0151_rotation_90.jpg,58.61,6.43,5.85,5.94,5.81
burn_0151_vertical_flip.jpg,58.59,6.47,5.93,6.02,5.88
burn_0152_brightness_decrease.jpg,432.29,55.37,38.82,39.58,38.33
burn_0152_brightness_increase.jpg,409.23,100.69,91.12,92.93,89.66
burn_0152_horizontal_flip.jpg,413.39,51.91,37.88,38.56,37.2
burn_0152_rotation_90.jpg,413.36,52.35,37.25,37.93,36.68
burn_0152_vertical_flip.jpg,413.37,52.18,36.85,37.55,36.18
burn_0153_brightness_increase.jpg,1689.68,1823.2,1808.92,2621.44,1807.25
burn_0153_horizontal_flip.jpg,1087.62,1214.19,1205.53,1820.44,1204.13
burn_0153_rotation_90.jpg,1088.47,1214.24,1205.51,1820.44,1203.66
burn_0153_vertical_flip.jpg,1002.26,1118.82,1110.85,1677.72,1109.41
burn_0154_brightness_decrease.jpg,424.17,80.32,61.1,61.51,60.47
burn_0154_brightness_increase.jpg,395.8,112.38,97.17,97.49,96.77
burn_0154_horizontal_flip.jpg,405.71,77.55,59.89,60.27,59.46
burn_0154_rotation_90.jpg,405.78,77.24,59.71,60.06,59.2
burn_0154_vertical_flip.jpg,405.7,77.44,59.95,60.29,59.43
burn_0156_brightness_decrease.jpg,354.03,26.5,19.67,19.82,19.69
burn_0156_brightness_increase.jpg,331.01,105.75,95.86,97.42,94.98
burn_0156_horizontal_flip.jpg,338.13,24.45,18.8,18.94,18.76
burn_0156_rotation_90.jpg,338.09,24.38,18.7,18.83,18.65
burn_0156_vertical_flip.jpg,338.1,24.29,18.74,18.88,18.69
burn_0157_brightness_decrease.jpg,206.06,3.59,3.17,3.31,3.16
burn_0157_brightness_increase.jpg,298.17,16.11,4.07,4.12,4.03
burn_0157_horizontal_flip.jpg,196.79,3.47,3.1,3.23,3.08
burn_0157_rotation_90.jpg,196.71,3.5,3.09,3.22,3.08
burn_0157_vertical_flip.jpg,196.81,3.5,3.08,3.21,3.07
burn_0158_brightness_decrease.jpg,72.65,62.45,62.01,69.75,62.0
burn_0158_brightness_increase.jpg,3800.76,3249.29,3224.59,3599.94,3223.33
burn_0159_brightness_decrease.jpg,41.88,39.13,37.63,45.38,37.39
burn_0159_brightness_increase.jpg,46.66,48.14,46.96,70.16,46.64
burn_0159_horizontal_flip.jpg,41.99,39.19,37.82,74.65,37.6
burn_0159_rotation_90.jpg,41.99,39.24,37.9,44.11,37.69
burn_0159_vertical_flip.jpg,41.99,39.22,37.91,44.11,37.69
burn_0161_brightness_decrease.jpg,77.92,88.2,87.69,101.39,86.84
burn_0161_brightness_increase.jpg,78.09,87.88,87.32,99.54,86.68
burn_0161_horizontal_flip.jpg,78.55,88.79,88.13,95.14,87.41
burn_0161_rotation_90.jpg,78.55,88.79,88.16,102.79,87.45
burn_0161_vertical_flip.jpg,78.55,88.79,88.13,102.79,87.41
burn_0162_brightness_decrease.jpg,163.13,164.47,164.29,176.8,163.32
burn_0162_brightness_increase.jpg,1638.96,1627.33,1622.45,1730.51,1617.48
burn_0163_brightness_decrease.jpg,370.78,492.91,492.4,495.55,492.09
burn_0164_brightness_decrease.jpg,2551.33,2784.27,2744.89,3104.02,2739.69
burn_0164_brightness_increase.jpg,1482.3,1354.94,1343.96,1448.13,1341.38
burn_0164_horizontal_flip.jpg,1047.36,1149.09,1132.35,1276.86,1130.48
burn_0164_rotation_90.jpg,2021.59,2216.54,2183.48,2992.42,2179.78
burn_0164_vertical_flip.jpg,1047.28,1148.92,1132.12,1551.48,1130.19
burn_0165_brightness_decrease.jpg,30.78,43.36,42.55,72.76,42.42
burn_0165_brightness_increase.jpg,37.38,55.15,54.64,72.77,54.48
burn_0165_horizontal_flip.jpg,30.93,43.06,42.29,69.64,42.17
burn_0165_rotation_90.jpg,30.95,43.05,42.3,52.94,42.21
burn_0165_vertical_flip.jpg,30.93,43.04,42.25,52.89,42.13
burn_0166_brightness_decrease.jpg,45.47,41.27,41.0,76.83,40.95
burn_0166_brightness_increase.jpg,46.53,42.57,42.36,75.41,42.34
burn_0166_horizontal_flip.jpg,45.27,41.28,41.02,76.77,41.0
burn_0166_rotation_90.jpg,45.3,41.26,41.04,67.35,41.0
burn_0166_vertical_flip.jpg,45.28,41.29,41.02,67.32,40.99
burn_0167_brightness_decrease.jpg,312.96,96.49,88.38,89.84,86.38
burn_0167_brightness_increase.jpg,307.45,152.14,146.71,147.57,145.26
burn_0167_horizontal_flip.jpg,298.3,94.95,88.49,89.94,86.35
burn_0167_rotation_90.jpg,298.25,95.03,88.48,89.99,86.51
burn_0167_vertical_flip.jpg,298.3,95.08,88.19,89.71,86.29
burn_0168_horizontal_flip.jpg,2007.02,948.64,946.27,1529.86,946.21
burn_0169_brightness_decrease.jpg,3199.04,4318.47,4291.92,5349.88,4266.61
burn_0169_brightness_increase.jpg,3745.35,4691.14,4687.65,5349.88,4676.35
burn_0170_brightness_decrease.jpg,413.14,79.06,66.03,66.4,65.46
burn_0170_brightness_increase.jpg,386.66,100.29,89.26,90.14,88.6
burn_0170_horizontal_flip.jpg,394.83,75.12,63.36,63.73,62.77
burn_0170_rotation_90.jpg,394.78,75.15,63.46,63.79,62.81
burn_0170_vertical_flip.jpg,394.82,75.41,63.77,64.12,63.18
burn_0172_brightness_decrease.jpg,59.29,56.34,54.6,71.53,54.43
burn_0172_brightness_increase.jpg,2085.48,1889.19,1844.58,2375.18,1838.95
burn_0172_horizontal_flip.jpg,2175.24,2065.55,2012.17,2621.44,2006.67
burn_0173_brightness_decrease.jpg,283.24,272.88,255.02,322.74,253.0
burn_0173_brightness_increase.jpg,283.57,274.08,258.63,322.74,256.67
burn_0173_horizontal_flip.jpg,283.76,273.22,256.52,322.74,254.74
burn_0173_rotation_90.jpg,283.86,273.49,256.74,322.01,254.95
burn_0173_vertical_flip.jpg,283.76,273.41,256.26,321.99,254.54
burn_0174_brightness_decrease.jpg,2594.38,3493.7,3481.22,3593.23,3469.55
burn_0175_brightness_decrease.jpg,80.58,3.54,3.12,3.12,3.11
burn_0175_brightness_increase.jpg,86.94,4.96,4.7,4.7,4.65
burn_0175_horizontal_flip.jpg,80.37,3.66,3.18,3.18,3.16
burn_0175_rotation_90.jpg,80.39,3.66,3.18,3.18,3.16
burn_0175_vertical_flip.jpg,80.38,3.66,3.2,3.2,3.18
burn_0176_horizontal_flip.jpg,2846.38,3335.4,3303.8,3326.29,3292.21
burn_0176_rotation_90.jpg,2846.97,3335.38,3304.96,3327.06,3293.6
burn_0176_vertical_flip.jpg,2501.72,2931.17,2904.31,2923.69,2893.48
burn_0177_brightness_decrease.jpg,51.24,66.42,66.32,83.59,66.25
burn_0177_vertical_flip.jpg,1615.27,2083.17,2080.65,2170.5,2078.18
burn_0178_brightness_decrease.jpg,70.88,68.46,66.43,102.79,65.65
burn_0178_brightness_increase.jpg,71.49,69.77,67.92,100.79,67.4
burn_0178_horizontal_flip.jpg,69.05,68.8,66.98,73.19,66.45
burn_0178_rotation_90.jpg,69.06,68.88,67.05,73.23,66.51
burn_0178_vertical_flip.jpg,69.05,68.83,67.03,73.17,66.51
burn_0179_brightness_decrease.jpg,64.28,48.11,47.99,48.1,47.94
burn_0179_brightness_increase.jpg,63.17,47.29,47.2,47.31,47.16
burn_0179_horizontal_flip.jpg,63.17,47.29,47.19,47.29,47.14
burn_0179_rotation_90.jpg,63.16,47.3,47.19,47.3,47.15
burn_0179_vertical_flip.jpg,63.17,47.27,47.18,47.29,47.14
burn_0180_brightness_increase.jpg,51.92,11.97,11.21,113.21,11.12
burn_0180_rotation_90.jpg,51.46,11.22,10.58,10.66,10.47
burn_0181_horizontal_flip.jpg,2559.59,2788.55,2702.51,2798.61,2695.04
burn_0181_rotation_90.jpg,2559.11,2787.84,2704.39,4660.34,2696.6
burn_0182_brightness_decrease.jpg,420.65,92.14,75.87,77.59,75.43
burn_0182_brightness_increase.jpg,398.92,129.47,123.31,126.29,122.47
burn_0182_horizontal_flip.jpg,402.94,89.17,74.83,76.46,74.43
burn_0182_rotation_90.jpg,403.1,89.3,75.17,76.8,74.64
burn_0182_vertical_flip.jpg,403.0,88.96,75.04,76.74,74.65
burn_0183_brightness_decrease.jpg,289.69,24.29,20.36,20.46,20.07
burn_0183_brightness_increase.jpg,286.67,68.79,59.63,59.78,59.42
burn_0183_horizontal_flip.jpg,277.05,24.32,21.31,21.41,21.16
burn_0183_rotation_90.jpg,277.07,24.31,21.27,21.33,21.08
burn_0183_vertical_flip.jpg,277.02,24.2,21.14,21.24,20.96
burn_0185_brightness_decrease.jpg,157.66,62.06,60.07,207.36,59.7
burn_0185_brightness_increase.jpg,168.45,67.19,65.88,200.45,65.64
burn_0185_horizontal_flip.jpg,152.65,60.43,58.46,200.51,58.17
burn_0185_rotation_90.jpg,152.65,60.45,58.46,149.97,58.15
burn_0185_vertical_flip.jpg,152.63,60.44,58.38,149.96,58.11
